"Engleman","Hugh","hue@example.com","M0-66343000"
"Dubin","Liza","ldubin@example.com","M0-48585000"
"Iacovelli","Darren","DIacovelli@example.com","M0-17721000"
"Gaebora","Zelma","link@example.com","M0-14154000"
"Kleiman","Sofia","couch@example.com","M0-45893000"
"Varnes","Earnestine","inky@example.com","M0-50030000"
"Zilla","Moe","firesomething@example.com","M0-54990000"
"Heinen","Jared","JHeinen@example.com","M0-32632000"
"Leander","Loraine","LLeander@example.com","M0-29738000"
"Knuth","Donald","noreply@example.com","M0-64437000"
"Woodside","Liza","LWoodside@example.com","M0-36717000"
"Harlan","Andrew","kettle@example.com","M0-65353000"
"Mishler","Erik","EMishler@example.com","M0-78402000"
"Lappin","Sofia","SLappin@example.com","M0-23331000"
"Gregory","Tom","alttag@example.com","M0-27035000"
"Getter","Louisa","blinky@example.com","M0-41035000"
"Isafoa","Tuatua","math@example.com","M0-39547000"
"Ashlock","Emilia","EAshlock@example.com","M0-76961000"
"Brion","Lenore","LBrion@example.com","M0-38337000"
"Manjarrez","Jerri","JManjarrez@example.com","M0-54118000"
"D'Onofrio","Lonnie","notvincent@example.com","M0-75047000"
"Gosser","Malinda","MGosser@example.com","M0-22933000"
"Stallman","Rich","gnuworldorder@example.com","M0-36502000"
"Reekes","Haun","wildeep@example.com","M0-25119000"
"Araki","Margery","MAraki@example.com","M0-14240000"
"Lee","Tim","uber@example.com","M0-19668000"
"Sallis","Erik","ESallis@example.com","M0-18464000"
"Fullbright","Lilia","pinky@example.com","M0-44427000"
"Lanctot","Alejandra","ALanctot@example.com","M0-53879000"
"Ogara","Neil","NOgara@example.com","M0-49073000"
"Sangster","Hugh","sly@example.com","M0-27109000"
"Francis","Randy","RFrancis@example.com","M0-40221000"
"Osborn","Johnny","JOsborn@example.com","M0-17658000"
"Wilson","Jonathan","JWilson@example.com","M0-34831000"
"Tables","Bobby","injection@example.com","M0-44376000"
"Clover","Joseph","etheregg@example.com","M0-53552000"
"Santacruz","Marie","MSantacruz@example.com","M0-74861000"
"Edmondson","Jose","JEdmondson@example.com","M0-19366000"
"McKinley","Jeffery","hermit@example.com","M0-76184000"
"Marion","Ann","AMarion@example.com","M0-24598000"
"Pizarro","Joshua","JPizarro@example.com","M0-73804000"
"Shimomura","Tsutomu","takedown@example.com","M0-32901000"
"Fortin","Samuel","SFortin@example.com","M0-79951000"
"Liu","Samantha","SLiu@example.com","M0-72205000"
"Ramon","Donna","DRamon@example.com","M0-46232000"
"Kelleher","Ronald","RKelleher@example.com","M0-26986000"
"Bratton","Nathan","NBratton@example.com","M0-33239000"
"Lind","Melissa","MLind@example.com","M0-75780000"
"Constantine","Lillian","LConstantine@example.com","M0-23947000"
"Avent","Stella","smiley@example.com","M0-61577000"
"Finlay","Thelma","TFinlay@example.com","M0-49898000"
"Cheek","Craig","CCheek@example.com","M0-18994000"
"Papadopoulos","Tim","thinkgreek@example.com","M0-74511000"
"Gerhardt","Valerie","VGerhardt@example.com","M0-76400000"
"Karr","Joanna","JKarr@example.com","M0-34114000"
"Appleby","Vickie","appleseed@example.com","M0-78752000"
"Magee","Sam","verycold@example.com","M0-16068000"
"Burks","Carole","CBurks@example.com","M0-43179000"